{
  "sbert_feature_0": 0.143254,
  "sbert_feature_152": 0.052299,
  "sbert_feature_48": 0.022933,
  "sbert_feature_58": 0.022843,
  "sbert_feature_38": 0.020575,
  "sbert_feature_57": 0.019072,
  "sbert_feature_8": 0.018864,
  "sbert_feature_69": 0.018682,
  "sbert_feature_75": 0.018257,
  "sbert_feature_17": 0.017885,
  "sbert_feature_141": 0.017537,
  "sbert_feature_197": 0.01738,
  "sbert_feature_25": 0.014608,
  "sbert_feature_49": 0.014093,
  "sbert_feature_204": 0.013577,
  "sbert_feature_94": 0.013408,
  "sbert_feature_138": 0.013401,
  "sbert_feature_20": 0.013046,
  "sbert_feature_19": 0.012784,
  "sbert_feature_65": 0.012601,
  "sbert_feature_212": 0.012382,
  "sbert_feature_105": 0.012309,
  "sbert_feature_76": 0.012003,
  "sbert_feature_161": 0.011814,
  "sbert_feature_146": 0.011452,
  "sbert_feature_143": 0.010619,
  "sbert_feature_213": 0.01036,
  "sbert_feature_219": 0.010241,
  "sbert_feature_198": 0.010189,
  "sbert_feature_81": 0.010061,
  "sbert_feature_28": 0.009546,
  "sbert_feature_149": 0.009379,
  "sbert_feature_166": 0.009306,
  "sbert_feature_171": 0.00893,
  "sbert_feature_139": 0.008714,
  "sbert_feature_191": 0.00867,
  "sbert_feature_5": 0.008588,
  "sbert_feature_100": 0.00842,
  "sbert_feature_203": 0.008044,
  "sbert_feature_22": 0.007961,
  "sbert_feature_207": 0.007371,
  "sbert_feature_134": 0.007195,
  "sbert_feature_114": 0.007192,
  "sbert_feature_55": 0.007069,
  "sbert_feature_190": 0.007005,
  "sbert_feature_4": 0.006531,
  "sbert_feature_16": 0.006528,
  "sbert_feature_36": 0.006454,
  "sbert_feature_162": 0.006404,
  "sbert_feature_2": 0.006383,
  "sbert_feature_128": 0.006341,
  "sbert_feature_97": 0.006292,
  "sbert_feature_84": 0.006069,
  "sbert_feature_64": 0.005986,
  "sbert_feature_193": 0.005977,
  "sbert_feature_172": 0.00594,
  "sbert_feature_103": 0.005869,
  "sbert_feature_159": 0.005695,
  "sbert_feature_9": 0.005494,
  "sbert_feature_32": 0.00541,
  "sbert_feature_170": 0.005331,
  "sbert_feature_112": 0.005167,
  "sbert_feature_39": 0.005129,
  "sbert_feature_189": 0.005025,
  "sbert_feature_47": 0.004856,
  "sbert_feature_67": 0.004846,
  "sbert_feature_160": 0.004801,
  "sbert_feature_200": 0.004608,
  "sbert_feature_157": 0.004489,
  "sbert_feature_148": 0.004447,
  "sbert_feature_18": 0.004377,
  "sbert_feature_210": 0.00434,
  "sbert_feature_90": 0.004255,
  "sbert_feature_59": 0.004091,
  "sbert_feature_43": 0.004022,
  "sbert_feature_1": 0.00402,
  "sbert_feature_95": 0.003904,
  "sbert_feature_188": 0.003806,
  "sbert_feature_184": 0.003664,
  "sbert_feature_82": 0.003464,
  "sbert_feature_24": 0.003359,
  "sbert_feature_87": 0.00324,
  "sbert_feature_23": 0.003237,
  "sbert_feature_220": 0.003048,
  "sbert_feature_73": 0.003017,
  "sbert_feature_208": 0.003011,
  "sbert_feature_133": 0.002764,
  "sbert_feature_54": 0.002717,
  "sbert_feature_72": 0.002681,
  "sbert_feature_10": 0.002571,
  "sbert_feature_145": 0.002518,
  "sbert_feature_221": 0.002498,
  "sbert_feature_66": 0.002401,
  "sbert_feature_33": 0.002371,
  "sbert_feature_37": 0.002299,
  "sbert_feature_104": 0.002293,
  "sbert_feature_187": 0.002179,
  "sbert_feature_71": 0.00215,
  "sbert_feature_113": 0.001766,
  "sbert_feature_41": 0.001726,
  "sbert_feature_130": 0.001701,
  "sbert_feature_74": 0.001662,
  "sbert_feature_30": 0.001589,
  "sbert_feature_108": 0.001574,
  "sbert_feature_21": 0.00153,
  "sbert_feature_62": 0.001484,
  "sbert_feature_45": 0.001471,
  "sbert_feature_99": 0.001461,
  "sbert_feature_196": 0.001394,
  "sbert_feature_46": 0.001376,
  "sbert_feature_12": 0.001261,
  "sbert_feature_169": 0.001229,
  "sbert_feature_107": 0.001084,
  "sbert_feature_132": 0.001075,
  "sbert_feature_129": 0.00099,
  "sbert_feature_126": 0.000982,
  "sbert_feature_122": 0.00097,
  "sbert_feature_222": 0.00095,
  "sbert_feature_137": 0.000793,
  "sbert_feature_119": 0.000787,
  "sbert_feature_15": 0.000741,
  "sbert_feature_124": 0.000728,
  "sbert_feature_179": 0.00067,
  "sbert_feature_131": 0.000619,
  "sbert_feature_144": 0.000594,
  "sbert_feature_118": 0.000572,
  "sbert_feature_101": 0.000547,
  "sbert_feature_92": 0.000544,
  "sbert_feature_78": 0.00053,
  "sbert_feature_109": 0.000529,
  "sbert_feature_135": 0.000506,
  "sbert_feature_111": 0.000469,
  "sbert_feature_142": 0.00045,
  "sbert_feature_6": 0.000417,
  "sbert_feature_34": 0.000408,
  "sbert_feature_202": 0.000402,
  "sbert_feature_181": 0.000336,
  "sbert_feature_29": 0.000314,
  "sbert_feature_44": 0.0003,
  "sbert_feature_61": 0.000294,
  "sbert_feature_175": 0.000288,
  "sbert_feature_27": 0.000281,
  "sbert_feature_215": 0.000246,
  "sbert_feature_167": 7.6e-05,
  "sbert_feature_3": 0.0,
  "sbert_feature_7": 0.0,
  "sbert_feature_11": 0.0,
  "sbert_feature_13": 0.0,
  "sbert_feature_14": 0.0,
  "sbert_feature_26": 0.0,
  "sbert_feature_31": 0.0,
  "sbert_feature_35": 0.0,
  "sbert_feature_40": 0.0,
  "sbert_feature_42": 0.0,
  "sbert_feature_50": 0.0,
  "sbert_feature_51": 0.0,
  "sbert_feature_52": 0.0,
  "sbert_feature_53": 0.0,
  "sbert_feature_56": 0.0,
  "sbert_feature_60": 0.0,
  "sbert_feature_63": 0.0,
  "sbert_feature_68": 0.0,
  "sbert_feature_70": 0.0,
  "sbert_feature_77": 0.0,
  "sbert_feature_79": 0.0,
  "sbert_feature_80": 0.0,
  "sbert_feature_83": 0.0,
  "sbert_feature_85": 0.0,
  "sbert_feature_86": 0.0,
  "sbert_feature_88": 0.0,
  "sbert_feature_89": 0.0,
  "sbert_feature_91": 0.0,
  "sbert_feature_93": 0.0,
  "sbert_feature_96": 0.0,
  "sbert_feature_98": 0.0,
  "sbert_feature_102": 0.0,
  "sbert_feature_106": 0.0,
  "sbert_feature_110": 0.0,
  "sbert_feature_115": 0.0,
  "sbert_feature_116": 0.0,
  "sbert_feature_117": 0.0,
  "sbert_feature_120": 0.0,
  "sbert_feature_121": 0.0,
  "sbert_feature_123": 0.0,
  "sbert_feature_125": 0.0,
  "sbert_feature_127": 0.0,
  "sbert_feature_136": 0.0,
  "sbert_feature_140": 0.0,
  "sbert_feature_147": 0.0,
  "sbert_feature_150": 0.0,
  "sbert_feature_151": 0.0,
  "sbert_feature_153": 0.0,
  "sbert_feature_154": 0.0,
  "sbert_feature_155": 0.0,
  "sbert_feature_156": 0.0,
  "sbert_feature_158": 0.0,
  "sbert_feature_163": 0.0,
  "sbert_feature_164": 0.0,
  "sbert_feature_165": 0.0,
  "sbert_feature_168": 0.0,
  "sbert_feature_173": 0.0,
  "sbert_feature_174": 0.0,
  "sbert_feature_176": 0.0,
  "sbert_feature_177": 0.0,
  "sbert_feature_178": 0.0,
  "sbert_feature_180": 0.0,
  "sbert_feature_182": 0.0,
  "sbert_feature_183": 0.0,
  "sbert_feature_185": 0.0,
  "sbert_feature_186": 0.0,
  "sbert_feature_192": 0.0,
  "sbert_feature_194": 0.0,
  "sbert_feature_195": 0.0,
  "sbert_feature_199": 0.0,
  "sbert_feature_201": 0.0,
  "sbert_feature_205": 0.0,
  "sbert_feature_206": 0.0,
  "sbert_feature_209": 0.0,
  "sbert_feature_211": 0.0,
  "sbert_feature_214": 0.0,
  "sbert_feature_216": 0.0,
  "sbert_feature_217": 0.0,
  "sbert_feature_218": 0.0
}