{
  "square_feet": 0.663983,
  "location_score": 0.20632,
  "bedrooms square_feet": 0.040349,
  "square_feet^2": 0.019293,
  "location_score square_feet": 0.018069,
  "location_score^2": 0.016932,
  "bedrooms": 0.016652,
  "bedrooms location_score": 0.013919,
  "bedrooms^2": 0.004483
}